{
    "platforms": [
        {
            "x_start": 49.8547434477667,
            "x_end": 78.8896790663749,
            "y": 15,
            "type": "platform"
        },
        {
            "x_start": 31.91047904191617,
            "x_end": 160.84195760598504,
            "y": 37,
            "type": "platform"
        }
    ],
    "portals": [],
    "ropes": [
        {
            "x": 66,
            "y_top": 14.879209231933407,
            "y_bottom": 21.931540808543094
        },
        {
            "x": 83,
            "y_top": 22.775333333333332,
            "y_bottom": 36.83445532435741
        },
        {
            "x": 85,
            "y_top": 22.956566916043222,
            "y_bottom": 36.865317919075146
        }
    ],
    "map_portals": [],
    "spawns": []
}